min_latency,p50_latency,p99_latency,p999_latency,rpc_rate,set_rpc_rate
4239,5439,7073,11396,667278,1500000
4238,5478,7116,10103,1.48791e+06,1500000
4238,5478,7124,11128,1.48677e+06,1500000
4163,5478,7125,11334,1.48102e+06,1500000
4163,5478,7116,10922,1.48381e+06,1500000
4163,5475,7096,9977,1.4843e+06,1500000
4163,5480,7113,10496,1.4832e+06,1500000
4163,5480,7105,9817,1.48193e+06,1500000
4163,5475,7089,9897,1.48449e+06,1500000
4163,5478,7111,11274,1.48034e+06,1500000
4163,5477,7111,11125,1.48419e+06,1500000
4163,5477,7104,11262,1.4819e+06,1500000
4163,5481,7118,10323,1.48462e+06,1500000
4163,5444,7323,10447,1.48316e+06,1500000
4163,5442,7310,11035,1.48021e+06,1500000
4163,5447,7338,9887,1.4821e+06,1500000
4163,5450,7368,11030,1.47941e+06,1500000
4163,5445,7345,11208,1.47949e+06,1500000
4163,5447,7333,10412,897148,1500000
