min_latency,p50_latency,p99_latency,p999_latency,rpc_rate,set_rpc_rate
4482,107947,312235,336666,1.78383e+06,5000000
4482,70109,290690,331132,4.07601e+06,5000000
4482,179290,319616,336788,4.05737e+06,5000000
4482,123583,310434,342011,4.05017e+06,5000000
4482,172814,309380,336538,4.05584e+06,5000000
4482,84942,311119,336527,4.05e+06,5000000
4482,112344,300667,336082,4.05425e+06,5000000
4482,136605,315202,336574,4.04833e+06,5000000
4482,165095,317013,339332,4.0475e+06,5000000
4482,100013,299265,333049,4.06046e+06,5000000
4482,90102,277723,330989,4.05039e+06,5000000
4482,120069,306100,335711,4.04624e+06,5000000
4482,168340,315756,336129,4.05401e+06,5000000
4482,123882,308075,336031,4.04829e+06,5000000
4482,106828,279773,330934,4.048e+06,5000000
4482,67939,279469,332477,4.05049e+06,5000000
4482,73165,282218,332738,4.04532e+06,5000000
4482,112163,302287,335912,4.0451e+06,5000000
4482,116017,305625,336584,4.04607e+06,5000000
